{
    "songName": "",
    "positionInfo": [
        {
            "x": 700.2072143554688,
            "y": 428.07550048828127,
            "z": 0.0
        }
    ],
    "spikePositionInfo": [],
    "longNotePositionInfo": [
        {
            "x": 836.5708618164063,
            "y": 428.07550048828127,
            "z": 0.0
        }
    ],
    "longWidthInfo": [
        272.727294921875
    ]
}