{
    "songName": "",
    "positionInfo": [
        {
            "x": 1518.3890380859375,
            "y": 428.07550048828127,
            "z": 0.0
        }
    ],
    "spikePositionInfo": [],
    "longNotePositionInfo": [
        {
            "x": 1572.9344482421875,
            "y": 428.07550048828127,
            "z": 0.0
        }
    ],
    "longNoteEndPositionInfo": [
        {
            "x": 1627.4798583984375,
            "y": 428.07550048828127,
            "z": 0.0
        }
    ],
    "longWidthInfo": [
        109.0908203125
    ]
}